Row Labels,Count of Gini index,Count of Access to electricity (% of population),"Count of Access to electricity, rural (% of rural population)","Count of Access to electricity, urban (% of urban population)",Count of Adjusted net national income per capita (annual % growth),"Count of Communications, computer, etc. (% of service imports, BoP)","Count of Compulsory education, duration (years)","Count of Computer, communications and other services (% of commercial service imports)",Count of Cost of business start-up procedures (% of GNI per capita),"Count of Current education expenditure, total (% of total expenditure in public institutions)","Count of Educational attainment, at least completed post-secondary, population 25+, total (%) (cumulative)","Count of Employment to population ratio, ages 15-24, total (%) (national estimate)",Count of Fixed broadband subscriptions,Count of GDP (current US$),Count of Individuals using the Internet (% of population),"Count of International tourism, expenditures (current US$)","Count of Labor force participation rate for ages 15-24, total (%) (national estimate)",Count of Labor force with advanced education (% of total working-age population with advanced education),"Count of Labor force, female (% of total labor force)","Count of School enrollment, tertiary (% gross)",Count of Technicians in R&D (per million people),Count of Urban population (% of total population),Count of Urban population growth (annual %),Count of Poverty headcount ratio at $2.15 a day (2017 PPP) (% of population),Count of Fixed broadband subscriptions (per 100 people),"Count of Individuals using the Internet, female (% of female population)","Count of Individuals using the Internet, male (% of male population)",Count of Mobile cellular subscriptions,Count of Mobile cellular subscriptions (per 100 people)
Grand Total,964,2615,2484,2580,1718,2240,2331,2245,2221,1003,917,1347,2388,2563,2420,2002,1359,1209,2280,1703,652,2616,2616,976,2389,840,841,2480,2480
Armenia,12,12,12,12,12,12,12,12,12,6,8,12,12,12,12,12,10,12,12,12,,12,12,12,12,7,7,12,12
Austria,12,12,12,12,12,12,12,12,12,12,12,12,12,12,12,5,12,12,12,12,5,12,12,12,12,12,12,12,12
Belarus,12,12,12,12,12,12,12,12,12,10,2,5,12,12,12,12,5,4,12,12,,12,12,12,12,11,11,12,12
Belgium,12,12,12,12,12,12,12,12,12,11,12,12,12,12,12,11,12,12,12,12,4,12,12,12,12,12,12,12,12
Bulgaria,12,12,12,12,12,12,12,12,12,9,12,12,12,12,12,12,12,12,12,12,4,12,12,12,12,12,12,12,12
Canada,12,12,12,12,12,12,12,12,12,11,10,12,12,12,12,4,12,12,12,12,10,12,12,12,12,2,2,12,12
Colombia,12,12,12,12,12,12,12,12,12,,1,12,12,12,12,12,12,12,12,12,,12,12,12,12,10,10,12,12
Costa Rica,12,12,12,12,12,12,12,12,12,4,,12,12,12,12,12,12,12,12,9,,12,12,12,12,7,7,12,12
Cyprus,12,12,12,12,12,12,12,12,12,10,12,12,12,12,12,12,12,12,12,12,10,12,12,12,12,12,12,12,12
Czechia,12,12,12,12,12,12,12,12,12,12,12,12,12,12,12,12,12,12,12,12,11,12,12,12,12,12,12,12,12
Denmark,12,12,12,12,12,12,12,12,12,11,9,12,12,12,12,11,12,12,12,12,3,12,12,12,12,12,12,12,12
Dominican Republic,12,12,12,12,12,12,12,12,12,,4,12,12,12,12,12,12,12,12,10,,12,12,12,12,2,2,12,12
Ecuador,12,12,12,12,12,12,12,12,12,1,10,12,12,12,12,12,12,12,12,6,7,12,12,12,12,9,9,12,12
El Salvador,12,12,12,12,12,12,12,12,12,8,,11,12,12,12,12,11,10,12,12,3,12,12,12,12,10,10,12,12
Estonia,12,12,12,12,12,12,12,12,12,7,10,12,12,12,12,8,12,12,12,12,10,12,12,12,12,12,12,12,12
Finland,12,12,12,12,12,12,12,12,12,12,10,12,12,12,12,12,12,12,12,12,,12,12,12,12,12,12,12,12
France,12,12,12,12,12,12,12,12,12,3,12,12,12,12,12,12,12,12,12,12,10,12,12,12,12,12,12,12,12
Georgia,12,12,12,12,9,12,12,12,12,,10,12,12,12,12,12,12,9,12,12,6,12,12,12,12,7,7,12,12
Germany,12,12,12,12,12,12,12,12,12,8,12,12,12,12,12,12,12,12,12,7,10,12,12,12,12,12,12,12,12
Greece,12,12,12,12,12,12,12,12,12,5,11,12,12,12,12,12,12,12,12,9,1,12,12,12,12,12,12,12,12
Honduras,12,12,12,12,12,12,12,12,12,1,3,12,10,12,12,12,12,12,12,10,1,12,12,12,10,6,6,12,12
Hungary,12,12,12,12,12,12,12,12,12,12,9,12,12,12,12,12,12,12,12,12,10,12,12,12,12,12,12,12,12
Indonesia,12,12,12,12,12,12,12,12,7,8,5,12,12,12,12,12,12,12,12,12,3,12,12,12,12,8,8,12,12
Ireland,12,12,12,12,12,12,12,12,12,12,10,12,12,12,12,12,12,12,12,12,10,12,12,12,12,11,11,12,12
Israel,12,12,12,12,12,12,12,12,12,12,4,12,12,12,12,12,12,11,12,12,,12,12,12,12,11,11,12,12
Italy,12,12,12,12,12,12,12,12,12,12,12,12,12,12,12,5,12,12,12,12,,12,12,12,12,12,12,12,12
Kazakhstan,12,12,12,12,12,12,12,12,12,12,2,,12,12,12,12,1,,12,10,11,12,12,12,12,5,5,12,12
Kyrgyz Republic,12,12,12,12,9,12,12,12,12,12,6,10,12,12,12,12,11,8,12,12,,12,12,12,12,,,12,12
Latvia,12,12,12,12,12,12,12,12,12,12,12,12,12,12,12,,12,12,12,12,4,12,12,12,12,12,12,12,12
Lithuania,12,12,12,12,12,12,12,12,12,11,12,12,12,12,12,,12,12,12,12,4,12,12,12,12,12,12,12,12
Luxembourg,12,12,12,12,12,12,12,12,12,7,10,12,12,12,12,12,12,12,12,8,10,12,12,12,12,12,12,12,12
Malta,12,12,12,12,,12,12,12,9,11,10,12,12,12,12,,12,12,12,12,10,12,12,12,12,12,12,12,12
Moldova,12,12,12,12,12,12,12,12,12,12,10,12,12,12,12,12,12,12,12,6,11,12,12,12,12,,,12,12
Netherlands,12,12,12,12,12,12,12,12,12,12,12,12,12,12,12,8,12,12,12,9,4,12,12,12,12,12,12,12,12
Norway,12,12,12,12,12,12,12,12,12,12,12,12,12,12,12,12,12,12,12,12,,12,12,12,12,12,12,12,12
Panama,12,12,10,12,1,12,12,12,12,1,2,10,12,12,12,12,12,12,12,8,4,12,12,12,12,5,5,12,12
Paraguay,12,12,12,12,12,12,12,12,12,4,,12,12,12,12,12,12,10,12,3,4,12,12,12,12,12,12,12,12
Peru,12,12,12,12,12,12,12,12,12,12,,12,12,12,12,12,12,12,12,2,,12,12,12,12,9,9,12,12
Poland,12,12,12,12,12,12,12,12,12,11,12,12,12,12,12,12,12,12,12,12,10,12,12,12,12,12,12,12,12
Portugal,12,12,12,12,12,12,12,12,12,11,12,12,12,12,12,12,12,12,12,5,10,12,12,12,12,12,12,12,12
Romania,12,12,12,12,12,12,12,12,12,11,12,12,12,12,12,12,12,12,12,12,10,12,12,12,12,12,12,12,12
Slovak Republic,12,12,12,12,12,12,12,12,12,12,10,12,12,12,12,12,12,9,12,12,11,12,12,12,12,12,12,12,12
Slovenia,12,12,12,12,12,12,12,12,12,12,1,12,12,12,12,12,12,12,12,12,10,12,12,12,12,12,12,12,12
Spain,12,12,12,12,12,7,12,12,12,11,12,12,12,12,12,,12,12,12,12,10,12,12,12,12,12,12,12,12
Sweden,12,12,12,12,12,12,12,12,12,12,12,12,12,12,12,3,12,12,12,12,2,12,12,12,12,12,12,12,12
Switzerland,12,12,12,12,12,12,12,12,12,9,11,12,12,12,12,12,12,12,12,12,4,12,12,12,12,9,9,12,12
Thailand,12,12,12,12,,12,12,12,12,5,8,11,12,12,12,12,12,10,12,11,6,12,12,12,12,12,12,12,12
Ukraine,12,12,12,12,12,12,12,12,12,8,,4,12,12,12,12,6,6,12,12,11,12,12,12,12,11,11,12,12
United Kingdom,12,12,12,12,11,12,12,12,12,11,8,12,12,12,12,,12,12,12,12,9,12,12,12,12,12,12,12,12
United States,12,12,12,12,12,12,12,12,7,5,2,12,12,12,12,12,12,12,12,7,,12,12,12,12,6,6,12,12
Uruguay,12,12,12,12,12,12,12,12,12,8,6,12,12,12,12,12,12,12,12,12,,12,12,12,12,8,8,12,12
Argentina,11,12,12,12,12,12,12,12,12,11,,10,12,12,12,12,10,10,12,12,11,12,12,11,12,2,2,12,12
Bolivia,11,12,12,12,12,12,12,12,12,12,11,11,12,12,12,12,11,11,12,,2,12,12,11,12,6,6,12,12
Brazil,11,12,12,12,12,12,12,12,7,12,,11,12,12,12,12,11,11,12,8,7,12,12,11,12,9,9,12,12
China,11,12,12,12,12,12,12,12,7,,,,12,12,12,,1,,12,12,,12,12,11,12,1,1,12,12
Croatia,11,12,12,12,12,12,12,12,12,10,9,12,12,12,12,12,12,12,12,12,10,12,12,11,12,12,12,12,12
North Macedonia,11,12,12,12,12,12,12,12,12,,10,12,12,12,12,12,12,12,12,10,11,12,12,11,12,11,11,12,12
Iceland,10,12,12,12,8,11,12,11,12,12,10,12,12,12,12,,12,12,12,12,6,12,12,10,12,10,10,12,12
"Iran, Islamic Rep.",10,12,12,12,12,,12,,12,7,9,12,12,12,12,11,12,11,12,12,4,12,12,10,12,8,8,12,12
Kosovo,9,,,,,12,,12,11,,,8,,12,2,,8,8,,,,,,9,,2,2,3,3
Albania,8,12,12,12,12,12,12,12,12,6,7,12,12,12,12,12,12,12,12,12,1,12,12,8,12,1,1,12,12
"Korea, Rep.",8,12,12,12,12,12,12,12,12,4,8,12,12,12,12,12,12,12,12,12,11,12,12,8,12,11,11,12,12
Montenegro,8,12,12,12,12,12,12,12,12,,8,11,12,12,12,12,10,9,12,12,6,12,12,8,12,8,8,12,12
Serbia,8,12,12,12,12,12,12,12,12,6,12,12,12,12,12,12,12,12,12,12,11,12,12,8,12,8,8,12,12
India,7,12,12,12,12,12,11,12,7,,4,4,12,12,12,9,4,4,12,12,3,12,12,7,12,1,1,12,12
"Egypt, Arab Rep.",6,12,12,12,12,12,12,12,12,,10,12,12,12,12,12,12,11,12,11,11,12,12,6,12,7,7,12,12
Mexico,6,12,12,12,12,12,12,12,7,12,3,12,12,12,12,12,12,12,12,12,9,12,12,6,12,12,12,12,12
Mongolia,6,12,12,12,9,12,12,12,12,6,8,12,12,12,12,12,12,12,12,12,,12,12,6,12,2,2,12,12
Russian Federation,6,12,12,12,12,12,12,12,7,7,10,12,12,12,12,12,12,10,12,11,11,12,12,6,12,8,8,12,12
Viet Nam,6,12,12,12,12,,12,,12,5,6,11,12,12,12,12,11,10,12,10,3,12,12,6,12,1,1,12,12
Australia,5,12,12,12,,12,12,12,12,,12,12,12,12,12,12,12,12,12,5,1,12,12,5,12,6,6,12,12
Chile,5,12,12,12,12,12,12,12,12,5,5,12,12,12,12,12,12,11,12,12,10,12,12,5,12,4,4,12,12
Malaysia,5,12,12,12,12,12,12,12,12,11,6,7,12,12,12,12,7,9,12,12,9,12,12,5,12,7,7,12,12
Pakistan,5,12,12,12,12,12,12,12,7,1,12,11,12,12,12,12,11,11,12,11,5,12,12,5,12,2,2,12,12
Nigeria,4,12,12,12,,12,12,12,7,,2,3,11,12,12,12,3,2,12,4,,12,12,4,11,,,12,12
Philippines,4,12,12,12,12,12,12,12,12,2,5,12,11,12,12,12,12,8,12,12,4,12,12,4,11,,,12,12
Sri Lanka,4,12,12,12,6,12,12,12,12,10,9,10,12,12,6,12,10,10,12,10,5,12,12,4,12,,,12,12
Uganda,4,12,12,12,12,12,12,12,12,6,1,6,10,12,12,12,7,7,12,9,2,12,12,4,10,,,12,12
West Bank and Gaza,4,12,12,12,,12,12,12,12,4,1,12,9,12,12,12,12,12,12,12,3,12,12,4,9,5,5,12,12
Benin,3,12,12,12,12,12,12,12,12,7,1,3,12,12,12,12,3,2,12,12,,12,12,3,12,,,12,12
Burkina Faso,3,12,7,12,12,12,12,12,12,,2,3,12,12,12,12,3,3,12,12,1,12,12,3,12,1,1,12,12
Cote d'Ivoire,3,12,12,12,11,12,12,12,12,12,4,5,10,12,12,12,5,5,12,10,,12,12,3,10,3,3,12,12
Djibouti,3,12,11,12,6,12,12,12,12,,1,1,12,12,12,5,1,1,12,4,,12,12,3,12,1,1,12,12
Fiji,3,12,12,12,,12,,12,12,1,3,3,12,12,12,12,3,3,12,6,,12,12,3,12,,,12,12
Japan,3,12,12,12,12,12,12,12,7,11,,12,12,12,12,12,12,7,12,7,11,12,12,3,12,12,12,12,12
Malawi,3,12,12,12,,12,12,12,12,6,2,3,12,12,12,12,3,3,12,2,1,12,12,3,12,,,12,12
Maldives,3,12,12,12,,12,12,12,12,8,3,4,12,12,12,12,4,4,12,4,,12,12,3,12,,,12,12
Mauritania,3,12,5,12,12,8,12,8,12,,4,3,12,12,12,8,3,3,12,11,,12,12,3,12,,,12,12
Mozambique,3,12,12,12,12,12,,12,12,2,,1,12,12,12,12,1,1,12,12,4,12,12,3,12,1,1,12,12
Niger,3,12,12,12,12,12,,12,12,11,5,5,11,12,11,12,5,4,12,12,1,12,12,3,11,2,2,11,11
Rwanda,3,12,12,12,12,10,12,10,12,7,2,4,12,12,12,12,4,4,12,12,4,12,12,3,12,,,12,12
South Africa,3,12,12,12,12,12,12,12,12,7,12,12,12,12,12,12,12,11,12,10,10,12,12,3,12,,,12,12
Togo,3,12,12,12,12,12,12,12,12,8,5,4,12,12,12,12,4,4,12,10,8,12,12,3,12,1,1,12,12
Turkiye,3,12,12,12,,12,12,12,12,9,1,12,12,12,12,12,12,12,12,12,10,12,12,3,12,12,12,12,12
Zimbabwe,3,12,12,12,10,11,12,11,12,,1,3,12,12,12,11,4,3,12,9,1,12,12,3,12,1,1,12,12
Angola,2,12,3,12,12,12,12,12,12,,3,5,12,12,12,12,5,4,12,7,2,12,12,2,12,1,1,12,12
Bangladesh,2,12,12,12,12,12,12,12,7,6,9,4,12,12,12,12,4,4,12,11,,12,12,2,12,1,1,12,12
Bhutan,2,12,12,12,12,12,,12,12,1,2,8,12,12,12,12,8,4,12,9,,12,12,2,12,,,12,12
Botswana,2,12,12,12,12,12,,12,12,1,1,4,12,12,12,12,4,3,12,11,2,12,12,2,12,1,1,12,12
Chad,2,12,11,12,12,,12,,12,3,1,1,11,12,12,,1,1,12,6,1,12,12,2,11,,,12,12
Eswatini,2,12,12,12,12,12,10,12,12,1,1,1,12,12,12,12,1,1,12,2,1,12,12,2,12,,,12,12
Ethiopia,2,12,12,12,8,12,12,12,12,6,2,1,11,12,12,5,1,1,12,6,3,12,12,2,11,,,11,11
"Gambia, The",2,12,10,12,12,12,12,12,12,5,2,2,12,12,12,12,2,2,12,3,4,12,12,2,12,,,12,12
Ghana,2,12,12,12,12,12,12,12,12,6,4,4,12,12,12,12,4,4,12,11,2,12,12,2,12,1,1,12,12
Guinea,2,12,12,12,12,12,12,12,12,11,4,1,10,12,12,12,1,1,12,12,,12,12,2,10,1,1,12,12
Guinea-Bissau,2,12,10,12,12,12,12,12,12,4,1,2,10,12,12,7,2,2,12,,,12,12,2,10,,,12,12
Jordan,2,12,12,12,,12,12,12,12,4,3,6,12,12,12,12,3,3,12,10,1,12,12,2,12,,,12,12
Lao PDR,2,12,12,12,9,12,12,12,12,6,2,2,12,12,12,12,2,2,12,12,,12,12,2,12,,,12,12
Liberia,2,12,10,12,,12,12,12,12,1,4,4,11,12,12,2,4,4,12,2,,12,12,2,11,,,11,11
Madagascar,2,12,5,12,12,12,12,12,12,4,2,2,12,12,12,12,2,2,12,12,7,12,12,2,12,,,12,12
Mali,2,12,9,12,12,12,12,12,12,12,5,8,11,12,12,11,8,7,12,12,3,12,12,2,11,,,12,12
Mauritius,2,12,12,12,12,12,12,12,12,1,9,12,12,12,12,12,12,11,12,12,2,12,12,2,12,8,8,12,12
Myanmar,2,12,12,12,,12,12,12,8,3,3,4,9,12,12,10,4,4,12,3,1,12,12,2,9,1,1,12,12
Namibia,2,12,12,12,12,12,12,12,12,2,4,6,12,12,12,11,7,6,12,7,1,12,12,2,12,,,12,12
Nicaragua,2,12,12,12,12,12,12,12,12,1,1,2,12,12,12,12,2,2,12,9,,12,12,2,12,,,12,12
Samoa,2,12,12,12,10,12,12,12,12,,1,4,11,12,12,12,3,2,12,3,,12,12,2,11,,,9,9
Sao Tome and Principe,2,12,12,12,,12,12,12,12,,1,1,12,12,12,5,1,1,12,10,,12,12,2,12,,,12,12
Senegal,2,12,12,12,12,12,12,12,12,11,3,5,12,12,12,11,5,5,12,12,3,12,12,2,12,1,1,12,12
Seychelles,2,12,12,12,12,12,12,12,12,6,,7,12,12,11,12,7,6,,9,,12,12,2,12,,,12,12
Sierra Leone,2,12,8,12,12,12,12,12,12,7,2,2,1,12,12,12,4,2,12,,,12,12,2,1,,,12,12
South Sudan,2,12,10,12,4,6,12,6,8,4,1,1,10,8,7,5,1,1,12,2,,12,12,2,10,,,10,10
Sudan,2,12,12,12,1,12,12,12,12,,1,2,11,12,4,11,2,2,12,8,,12,12,2,11,2,2,12,12
Tajikistan,2,12,12,12,12,12,12,12,12,1,1,2,11,12,10,8,2,2,12,10,,12,12,2,11,,,12,12
Tanzania,2,12,11,12,12,12,12,12,12,,3,6,12,12,12,12,6,6,12,6,2,12,12,2,12,,,12,12
Tonga,2,12,12,12,7,12,12,12,12,,2,1,12,12,12,12,1,1,12,,,12,12,2,12,,,12,12
Tunisia,2,12,12,12,12,12,12,12,12,3,6,11,12,12,12,12,11,11,12,12,9,12,12,2,12,1,1,12,12
United Arab Emirates,2,12,12,12,12,,12,,12,1,4,3,12,12,12,12,4,2,12,1,1,12,12,2,12,5,5,12,12
Vanuatu,2,12,12,12,12,12,,12,12,4,2,3,10,12,12,12,3,2,12,,,12,12,2,10,,,12,12
Zambia,2,12,12,12,,12,12,12,12,2,3,6,12,12,12,12,5,4,12,2,1,12,12,2,12,1,1,12,12
Algeria,1,12,12,12,12,12,12,12,12,,2,7,12,12,12,12,7,1,12,11,1,12,12,1,12,1,1,12,12
Bosnia and Herzegovina,1,12,12,12,12,12,12,12,12,3,8,12,12,12,12,12,12,12,12,12,7,12,12,1,12,4,4,12,12
Burundi,1,12,8,12,12,12,,12,12,5,,2,12,12,12,4,2,1,12,11,2,12,12,1,12,3,3,12,12
Cabo Verde,1,12,12,12,12,12,12,12,12,4,1,5,12,12,12,12,5,5,12,11,2,12,12,1,12,4,4,12,12
Cameroon,1,12,12,12,12,12,12,12,12,5,2,2,12,12,12,12,2,1,12,12,,12,12,1,12,1,1,12,12
Central African Republic,1,12,10,12,10,,12,,12,2,,,7,12,12,6,,,12,5,,12,12,1,7,,,12,12
Comoros,1,12,12,12,12,11,12,11,12,1,1,1,12,12,11,11,1,1,12,6,,12,12,1,12,,,12,12
"Congo, Dem. Rep.",1,12,5,12,12,12,12,12,12,2,1,1,8,12,12,11,1,1,12,6,1,12,12,1,8,,,12,12
"Congo, Rep.",1,12,12,12,12,10,12,10,12,,,1,6,12,10,9,1,1,12,6,,12,12,1,6,,,12,12
Gabon,1,12,11,12,12,8,12,8,12,,,1,12,12,12,8,1,,12,1,,12,12,1,12,,,12,12
Grenada,1,12,,,,12,12,12,12,,2,2,12,12,12,6,2,2,,5,,12,12,1,12,,,12,12
Guatemala,1,12,12,12,12,12,12,12,12,11,4,10,10,12,12,12,10,10,12,11,11,12,12,1,10,1,1,12,12
Haiti,1,12,11,12,12,12,12,12,12,,1,1,8,12,12,12,,1,12,,,12,12,1,8,,,12,12
Iraq,1,12,12,12,12,12,12,12,12,,2,4,6,12,12,12,4,1,12,,9,12,12,1,6,2,2,12,12
Jamaica,1,12,12,12,12,12,12,12,12,10,9,12,12,12,12,12,12,11,12,7,,12,12,1,12,10,10,12,12
Kenya,1,12,12,12,12,12,12,12,12,5,4,2,12,12,12,,2,2,12,5,1,12,12,1,12,3,3,12,12
Kiribati,1,12,9,12,,12,7,12,12,,2,3,12,12,12,1,3,2,,,,12,12,1,12,,,12,12
Lebanon,1,12,12,12,12,12,12,12,12,4,1,1,8,12,12,12,1,1,12,12,,12,12,1,8,,,12,12
Lesotho,1,12,11,12,12,12,10,12,12,2,2,3,12,12,12,12,3,1,12,6,3,12,12,1,12,1,1,12,12
Marshall Islands,1,12,12,12,,12,12,12,12,1,2,1,7,12,10,11,1,1,,2,,12,12,1,7,,,4,4
"Micronesia, Fed. Sts.",1,12,12,12,,6,4,6,12,,1,1,7,12,12,7,1,1,,,,12,12,1,7,,,10,10
Morocco,1,12,12,12,12,12,12,12,12,,1,9,12,12,12,12,9,1,12,12,6,12,12,1,12,8,8,12,12
Nauru,1,12,2,12,,11,12,11,,,1,1,1,12,3,11,1,1,,,,12,12,1,1,,,7,7
Nepal,1,12,11,12,12,12,5,12,12,6,2,2,12,12,12,12,2,2,12,11,,12,12,1,12,,,12,12
Papua New Guinea,1,12,12,12,,12,,12,12,,,1,11,12,11,11,1,1,12,,1,12,12,1,11,,,12,12
Qatar,1,12,12,12,3,9,12,9,12,4,12,10,12,12,12,9,11,5,12,12,3,12,12,1,12,11,11,12,12
Solomon Islands,1,12,12,12,12,12,,12,12,,1,1,12,12,12,12,1,1,12,,,12,12,1,12,,,12,12
St. Lucia,1,12,12,12,,12,12,12,12,3,5,3,12,12,12,6,3,3,12,12,,12,12,1,12,,,12,12
Syrian Arab Republic,1,12,12,12,,3,12,3,12,,2,2,12,12,12,4,2,,12,9,1,12,12,1,12,,,12,12
Timor-Leste,1,12,12,12,4,12,12,12,12,6,1,4,11,12,12,12,4,4,12,2,,12,12,1,12,,,12,12
Tuvalu,1,12,12,12,,12,12,12,,,2,2,10,12,10,12,2,2,,,,12,12,1,10,,,11,11
"Yemen, Rep.",1,12,11,12,,9,12,9,12,1,1,2,12,11,10,9,2,2,12,4,,12,12,1,12,,,12,12
Afghanistan,,12,12,12,,12,12,12,12,6,2,4,11,12,12,12,4,2,12,4,,12,12,,11,,,12,12
American Samoa,,,,,,,,,,,,,,12,,,,,,,,12,12,,,,,,
Andorra,,12,12,12,,1,12,1,,10,3,,12,12,11,1,1,,,9,,12,12,,12,1,1,12,12
Antigua and Barbuda,,12,12,12,,12,12,12,12,1,,,11,12,12,6,,,,4,,12,12,,11,,,11,11
Aruba,,12,12,12,,12,9,12,,8,,,7,12,10,12,,,,9,,12,12,,7,,,8,8
Azerbaijan,,12,12,12,5,12,12,12,12,12,12,3,12,12,12,12,3,,12,12,,12,12,,12,9,9,12,12
"Bahamas, The",,12,12,12,12,12,12,12,12,,2,1,12,12,12,12,1,1,12,,,12,12,,12,1,1,12,12
Bahrain,,12,12,12,12,12,12,12,12,1,4,3,12,12,12,12,3,,12,9,1,12,12,,12,8,9,12,12
Barbados,,12,12,12,,10,12,10,9,7,5,7,12,12,12,9,9,5,12,3,,12,12,,12,,,12,12
Belize,,12,12,12,12,12,12,12,12,,2,7,12,12,12,12,7,7,12,12,,12,12,,12,1,1,12,12
Bermuda,,12,12,12,,12,12,12,,1,2,,9,12,10,12,,,,10,,12,12,,9,,,10,10
British Virgin Islands,,12,12,12,,,12,,,,,,11,,6,,,,,5,,12,12,,11,2,2,12,12
Brunei Darussalam,,12,12,12,12,8,12,8,12,1,5,4,12,12,12,9,4,4,12,12,,12,12,,12,2,2,12,12
Cambodia,,12,12,12,12,12,,12,12,6,11,11,12,12,11,12,11,11,12,8,1,12,12,,12,4,4,12,12
Cayman Islands,,12,12,12,,4,12,4,,1,3,6,11,12,10,12,6,4,,11,,12,12,,11,,,11,11
Channel Islands,,12,12,12,,,,,,,,,,4,,,,,12,,,12,12,,,,,,
Cuba,,12,12,12,12,,12,,,3,1,,12,12,12,,1,2,12,12,,12,12,,12,3,3,12,12
Curacao,,12,12,12,,9,12,9,,1,1,5,9,9,2,12,5,1,,10,,12,12,,9,1,1,11,11
Dominica,,12,,,,12,12,12,12,1,,,12,12,11,6,,,,,,12,12,,12,,,12,12
Equatorial Guinea,,12,12,12,12,,12,,12,,,,12,12,11,,,,12,2,,12,12,,12,,,12,12
Eritrea,,12,12,12,4,,10,,12,,,,11,4,12,,,,12,5,,12,12,,11,,,11,11
Faroe Islands,,12,12,12,,4,,4,,,,,12,12,10,,,,,,,12,12,,12,,,12,12
French Polynesia,,12,12,12,,9,,9,,,,1,12,12,10,9,1,,12,,,12,12,,12,,,12,12
Gibraltar,,12,7,12,,,12,,,2,,,10,,6,,,,,,,12,12,,10,,,11,11
Greenland,,12,12,12,,,,,,,,,11,12,10,,,,,,,12,12,,11,,,11,11
Guam,,12,12,12,,,2,,,,,2,6,12,10,,2,,12,,,12,12,,6,,,,
Guyana,,12,12,12,,12,12,12,12,4,2,2,11,12,12,,2,2,12,5,,12,12,,11,,,11,11
"Hong Kong SAR, China",,12,12,12,,12,12,12,12,5,8,11,12,12,12,11,12,11,12,12,11,12,12,,12,10,10,12,12
Isle of Man,,12,12,12,,,,,,,,1,,12,,,2,,,,,12,12,,,,,,
"Korea, Dem. People's Rep.",,11,,,,,12,,,,10,,,,6,,,,12,4,,12,12,,,,,11,11
Kuwait,,12,12,12,9,12,12,12,12,,,2,12,12,12,12,2,1,12,6,10,12,12,,12,3,3,12,12
Libya,,12,5,12,9,12,12,12,8,,,1,11,12,7,10,1,,12,,,12,12,,11,,,11,11
Liechtenstein,,12,12,12,,,12,,2,3,,8,12,12,11,,8,,,11,,12,12,,12,,,12,12
"Macao SAR, China",,12,12,12,,12,12,12,,11,3,9,12,12,12,12,9,8,12,12,11,12,12,,12,11,11,12,12
Monaco,,12,12,12,,,12,,,9,1,,12,12,11,,,1,,1,,12,12,,12,,,12,12
New Caledonia,,12,12,12,,9,2,9,,,1,4,9,12,9,9,4,,12,,,12,12,,9,,,9,9
New Zealand,,12,12,12,12,12,12,12,12,,8,12,12,12,12,11,12,7,12,7,5,12,12,,12,2,2,12,12
Northern Mariana Islands,,12,12,12,,,,,,,,,,12,,,,,,,,12,12,,,,,,
Not classified,,,,,,,,,,,,,,,,,,,,,,,,,,,,,
Oman,,12,12,12,12,12,5,12,12,4,6,4,12,12,12,12,3,2,12,11,8,12,12,,12,2,2,12,12
Palau,,12,12,12,,12,12,12,12,,1,1,8,12,,10,1,1,,1,,12,12,,8,,,9,9
Puerto Rico,,12,12,12,,,12,,12,2,3,3,12,12,12,11,4,1,12,10,2,12,12,,12,7,7,12,12
San Marino,,12,12,12,,3,12,3,8,5,1,,12,12,5,,1,1,,6,,12,12,,12,,,12,12
Saudi Arabia,,12,12,12,,12,12,12,12,,2,7,10,12,12,12,5,3,12,12,,12,12,,10,6,6,12,12
Singapore,,12,12,12,,12,12,12,12,5,12,12,12,12,12,11,12,3,12,4,10,12,12,,12,8,8,12,12
Sint Maarten (Dutch part),,12,10,12,,9,12,9,,,,,,9,,12,,,,2,,12,12,,,,,1,1
Small states,,12,12,12,12,12,12,12,12,3,,,12,12,12,9,,,12,12,,12,12,,12,1,1,12,12
Somalia,,12,11,12,,,,,5,,,1,7,12,9,,1,1,12,,,12,12,,7,,,12,12
South Asia,,12,12,12,12,12,12,12,12,6,,4,12,12,12,8,4,4,12,12,3,12,12,12,12,,,12,12
South Asia (IDA & IBRD),,12,12,12,12,12,12,12,12,6,,4,12,12,12,,4,4,12,12,3,12,12,,12,,,12,12
St. Kitts and Nevis,,12,12,12,,12,12,12,12,1,,,12,12,12,6,,,,3,,12,12,,12,,,12,12
St. Martin (French part),,12,10,12,,,,,,,,,,3,,,,,,,,,,,,,,,
St. Vincent and the Grenadines,,12,12,12,,12,12,12,12,2,1,1,12,12,12,6,1,,12,10,,12,12,,12,,,12,12
Suriname,,12,12,12,,12,12,12,12,,1,8,12,12,12,12,8,2,12,,,12,12,,12,,,12,12
Trinidad and Tobago,,12,12,12,,12,12,12,12,,4,9,12,12,12,12,10,8,12,,2,12,12,,12,1,1,12,12
Turkmenistan,,12,12,12,,,12,,,1,,,12,12,10,,,,12,2,,12,12,,12,,,12,12
Turks and Caicos Islands,,12,12,12,,5,12,5,,2,,,,12,,,,,,8,,12,12,,,,,,
Uzbekistan,,12,12,12,,12,12,12,12,1,,,12,12,12,6,,,12,12,11,12,12,,12,3,3,12,12
"Venezuela, RB",,12,12,12,7,9,12,9,12,1,4,7,12,7,10,9,7,7,12,2,,12,12,,12,1,1,12,12
Virgin Islands (U.S.),,12,12,12,,,,,,,,,6,12,10,,,,12,,,12,12,,6,,,1,1